<?xml version="1.0" encoding="UTF-8"?>
<project name="jaxb_build" default="dist">

	<property file="jaxb_build.properties" />
	
	<!--
	Properties required for use of this set of tasks
	oep.home
	-->
	<!-- 
	oep.home is an Ant runtime property that is linked to a String Subsitution 
	that points	to the Event Server installation root
	-->	
	<taskdef name="xjc" classname="com.sun.tools.xjc.XJCTask">
		<classpath>
			<fileset dir="${oep.home}/modules" includes="*.jar" />
		</classpath>
	</taskdef>

	<target name="build" depends="clean">
		<xjc extension="true" destdir="generated_src" package="com.oracle.oep.demo.jaxb.event">      
			<schema dir="schemas" includes="events.xsd"/>			
			<produces dir="generated_bin" includes="**/*.java" />								
		</xjc>
		<javac srcdir="generated_src" destdir="generated_bin" debug="on">
			<classpath>
				<fileset dir="${oep.home}/modules" includes="*jar"/>				
			</classpath>
		</javac>

	</target>
			
	<target name="clean">
		<mkdir dir="generated_src"/>
		<mkdir dir="generated_bin"/>
		<mkdir dir="lib"/>
		<delete includeemptydirs="true">
			<fileset dir="generated_src" includes="**/*" />
			<fileset dir="generated_bin" includes="**/*" />
			<fileset dir="lib" includes="**/JaxbEvents.jar" />
		</delete>
	</target>
			
			
	<target name="dist" depends="build">
		<jar destfile="lib/JaxbEvents.jar">
			 <fileset dir="generated_bin"/>
		</jar>
	</target>

</project>
