<?xml version="1.0" encoding="UTF-8"?>
<sm:Substation name="Danville" xmlns:sm="http://xmlns.oracle.com/ns/smartmeter" xmlns:xsi="http://www.w3.org/2001/XMLSchema-instance" xsi:schemaLocation="http://xmlns.oracle.com/ns/smartmeter events.xsd ">
  <sm:Transformer id="T1">
    <sm:Meter>
      <sm:meterId>ABC001</sm:meterId>
      <sm:customerType>H</sm:customerType>
    </sm:Meter>
    <sm:Meter>
      <sm:meterId>ABC002</sm:meterId>
      <sm:customerType>H</sm:customerType>
    </sm:Meter>
    <sm:Meter>
      <sm:meterId>ABC003</sm:meterId>
      <sm:customerType>B</sm:customerType>
    </sm:Meter>
    <sm:Meter>
      <sm:meterId>ABC004</sm:meterId>
      <sm:customerType>B</sm:customerType>
    </sm:Meter>
    <sm:Meter>
      <sm:meterId>ABC005</sm:meterId>
      <sm:customerType>B</sm:customerType>
    </sm:Meter>
    <sm:Meter>
      <sm:meterId>ABC006</sm:meterId>
      <sm:customerType>H</sm:customerType>
    </sm:Meter>
    <sm:Meter>
      <sm:meterId>ABC007</sm:meterId>
      <sm:customerType>B</sm:customerType>
    </sm:Meter>
  </sm:Transformer>
  <sm:Transformer id="T2">
    <sm:Meter>
      <sm:meterId>XYZ001</sm:meterId>
      <sm:customerType>H</sm:customerType>
    </sm:Meter>
    <sm:Meter>
      <sm:meterId>XYZ002</sm:meterId>
      <sm:customerType>H</sm:customerType>
    </sm:Meter>
    <sm:Meter>
      <sm:meterId>XYZ003</sm:meterId>
      <sm:customerType>B</sm:customerType>
    </sm:Meter>
    <sm:Meter>
      <sm:meterId>XYZ004</sm:meterId>
      <sm:customerType>H</sm:customerType>
    </sm:Meter>
    <sm:Meter>
      <sm:meterId>XYZ005</sm:meterId>
      <sm:customerType>H</sm:customerType>
    </sm:Meter>
    <sm:Meter>
      <sm:meterId>XYZ006</sm:meterId>
      <sm:customerType>H</sm:customerType>
    </sm:Meter>
    <sm:Meter>
      <sm:meterId>XYZ007</sm:meterId>
      <sm:customerType>H</sm:customerType>
    </sm:Meter>
  </sm:Transformer>
</sm:Substation>