<?xml version="1.0" encoding="UTF-8"?>
<sm:Substation name="Danville" xmlns:sm="http://xmlns.oracle.com/ns/smartmeter" xmlns:xsi="http://www.w3.org/2001/XMLSchema-instance" xsi:schemaLocation="http://xmlns.oracle.com/ns/smartmeter events.xsd ">
  <sm:Meter>
    <sm:meterId>ABC123</sm:meterId>
    <sm:transformerId>T1</sm:transformerId>
    <sm:customerType>H</sm:customerType>
  </sm:Meter>
  <sm:Meter>
    <sm:meterId>ABC456</sm:meterId>
    <sm:transformerId>T1</sm:transformerId>
    <sm:customerType>B</sm:customerType>
  </sm:Meter>
  <sm:Meter>
    <sm:meterId>XYZ123</sm:meterId>
    <sm:transformerId>T2</sm:transformerId>
    <sm:customerType>H</sm:customerType>
  </sm:Meter>
</sm:Substation>
