<?xml version="1.0" encoding="UTF-8"?>
<wlevs:config xmlns:wlevs="http://www.bea.com/ns/wlevs/config/application"
              xmlns:jdbc="http://www.oracle.com/ns/ocep/config/jdbc">
    <processor>
        <name>MeterFlickerProcessor</name>
        <rules>
             <query id="FlickerQuery"> 
	<![CDATA[             	
  SELECT 
	flicker.meterId as meterId,
	flicker.flickerTime as flickerTime
  FROM MeterStateInputChannel MATCH_RECOGNIZE 
  (
  PARTITION BY meterId					
  MEASURES
	PowerDown.meterId AS meterId,
	PowerDown.statusTime as flickerTime			
  PATTERN (PowerDown PowerUp)
	DEFINE
	PowerDown AS state = 'POWER_DOWN',
	PowerUp AS state = 'POWER_UP'					
  ) AS flicker
	]]>
 </query>
        </rules>
    </processor>
</wlevs:config>

