<?xml version="1.0" encoding="UTF-8"?>
<beans xmlns="http://www.springframework.org/schema/beans"
       xmlns:xsi="http://www.w3.org/2001/XMLSchema-instance"
       xmlns:osgi="http://www.springframework.org/schema/osgi"
       xmlns:wlevs="http://www.bea.com/ns/wlevs/spring"
       xmlns:jdbc="http://www.oracle.com/ns/ocep/jdbc"
       xmlns:spatial="http://www.oracle.com/ns/ocep/spatial"
       xsi:schemaLocation="
  http://www.springframework.org/schema/beans
  http://www.springframework.org/schema/beans/spring-beans.xsd
  http://www.springframework.org/schema/osgi
  http://www.springframework.org/schema/osgi/spring-osgi.xsd
  http://www.bea.com/ns/wlevs/spring
  http://www.bea.com/ns/wlevs/spring/spring-wlevs-v11_1_1_7.xsd
  http://www.oracle.com/ns/ocep/jdbc
  http://www.oracle.com/ns/ocep/jdbc/ocep-jdbc.xsd
  http://www.oracle.com/ns/ocep/spatial
  http://www.oracle.com/ns/ocep/spatial/ocep-spatial.xsd">

	<wlevs:event-type-repository>
		<wlevs:event-type type-name="MeterStateEvent">
			<wlevs:class>com.oracle.oep.demo.jaxb.event.MeterStateEvent</wlevs:class>
		</wlevs:event-type>
	</wlevs:event-type-repository>

    <bean id="JmsJaxbMessageConverter" class="com.oracle.oep.training.converter.InboundJmsJaxbMessageConverter"/>

	<wlevs:adapter id="MeterStateEventsAdapter" provider="jms-inbound">
		<wlevs:instance-property name="converterBean" ref="JmsJaxbMessageConverter"/>
		<wlevs:listener ref="MeterStateInputChannel" />
	</wlevs:adapter>
	
	
	<wlevs:channel event-type="MeterStateEvent" id="MeterStateInputChannel">
		<wlevs:listener ref="MeterStateProcessor" />
	</wlevs:channel>
	<wlevs:processor id="MeterStateProcessor">
		<wlevs:listener ref="MeterStateOutputChannel" />
	</wlevs:processor>
	<wlevs:channel event-type="MeterStateEvent" id="MeterStateOutputChannel">
		<wlevs:listener ref="bean" />
	</wlevs:channel>
	<bean id="bean" class="com.oracle.oep.training.listeners.EventListener">
	</bean>
</beans>

